,index,name,cnt,unit,gram,cal,carbs,protein,fat,sugar,salt
0,174,[동원] 쎈쿡팔곡밥,1,인분,210,335,72.91,6.34,2,0,0
1,656,[한성기업] 뿌비또,1,봉지,7,28,5.6,0.35,0.47,0,0
2,730,오이지무침,1,회,100,72,10.15,1.5,2.83,3.97,1129.78
3,394,잉어매운탕,1,대접,174,138,10.68,15.35,3.5,0,0
4,636,깨 볶은것,1,종지,13,75,0,0,0,0,0
5,667,갓김치,1,소접시,50,29,4.1,1.8,0.6,0,141
6,934,오삼불고기,1,소접시,157,351,27.78,34.87,44.49,0,0
7,381,대구매운탕,1,인분,220,135,13.3,17.9,2.3,0,706.7
8,952,갈매기살구이,1,인분,200,429,0.73,28.73,34.05,0.19,399
9,32,순댓국,1,인분,300,201,6.6,16.2,12.3,0.49,564
10,898,마늘쫑 어묵볶음,1,소접시,92,116,16.86,6.37,4.61,0,0
11,184,[CJ] 햇반 저단백밥,1,개,180,260,0,0,0,0,0
12,142,제육돌솥비빔밥 계란후라이포함,1,뚝배기,300,472,197.7,48.9,44.7,13.5,410
13,56,삼각김밥 소고기볶음,1,개,100,192,0,0,0,0,0
14,673,무초절이,1,소접시,85,22,5.61,0.7,0.08,0,0
15,815,피칸 볶은것,1,종지,13,84,0,0,0,0,0
16,512,[오뚜기] 맛있는쇠고기죽,1,인분,285,170,28.06,5.08,4.16,0,0
17,162,현미보리밥,1,공기,210,316,0,0,0,0,0
18,539,송편 팥고물속,2,개,40,86,18.7,2.3,0.2,0,200
19,70,[훼밀리마트] 햄참치샐러드삼각김밥,1,개,112,206,33,5,6,0,0
20,330,갈치찌개,1,인분,1183,480,13.13,31.29,12.68,0,0
21,587,팬더굴소스,1,큰술,14,20,0,0,0,0,0
22,876,표고버섯당근볶음,1,소접시,70,65,0,0,0,0,0
23,837,근대볶음,1,소접시,88,45,3.71,1.97,4.23,0,0
24,514,[CJ] 차이니게살스프,1,인분,250,50,7.02,3.01,1.1,0,0
25,117,김치볶음밥,1,인분,300,446,225.27,26.25,37.11,7.38,844
26,737,무말랭이무침,1,회,100,136,28.5,3.3,1,11.9,1282
27,100,[오뚜기] 맛있는해물리조또,1,개,300,320,63,12,2.5,0,0
28,59,[CU] 전주비빔 삼각김밥,1,개,105,180,33,4,3.6,3,478
29,969,[풀무원] 퓨렘소이윈너,1,개,140,217,0,0,0,0,0
30,839,감자야채볶음,1,소접시,84,54,10.99,2.09,5.37,0,0
31,644,와사비 분말,1,종지,2,8,1.76,0.39,0.08,0,0
32,180,콩나물밥(양념장 포함),1,인분,300,396,215.82,43.05,20.43,18.72,1743
33,618,[오뚜기] 비빔국수장,1,인분,51,107,17.14,5.09,2.02,0,0
34,140,콩나물비빔밥,1,인분,500,586,99.54,21,12.33,0,0
35,888,감자어묵볶음,1,소접시,93,144,16.96,7.32,6.18,0,0
36,401,해물뚝배기,1,인분,200,178,9.14,26.94,3.02,1.17,493
37,494,[청정원] 진미죽,1,회분,28,105,22.08,1.92,1,0,0
38,446,[동원] 양반 해물죽,1,인분,285,165,29.44,9.6,1,0,0
39,254,미역된장국,1,대접,86,70,5.56,5.51,1.38,0,0
40,164,현미찹쌀밥,1,공기,210,349,44.29,4.24,0.4,0.1,10
41,693,쑥갓나물,1,소접시,84,40,5.26,3.37,2.13,0,0
42,912,[동원] 부산어묵 네모랑,1,회분,100,145,0,0,0,0,0
43,34,[농심] 소고기국밥,1,인분,250,380,77.51,8.5,3.44,0,0
44,297,들깨무채국,1,대접,76,60,0,0,0,0,0
45,147,강낭콩밥,1,공기,210,350,77,7.25,0.2,0,4.7
46,245,근대조개국,1,대접,101,57,5.7,6.38,1.48,0,0
47,428,[동원] 양반 홍게살죽,1,개,287,175,28,4,5,1,485
48,395,옥돔매운탕,1,소대접,200,142,0,0,0,0,0
49,988,[동원] 친친치즈빅,1,회분,35,45,6,3,1.2,1,210
50,292,콩국,1,회,100,42,1.5,3.5,2.5,1.5,32.5
51,103,[한솥도시락] 칠리탕수육도시락,1,인분,400,765,95.63,47.81,21.25,0,0
52,588,[풀무원] 레몬&갈릭드레싱,1,회분,30,30,6.9,0.6,0,0,0
53,323,부대찌개,1,인분,400,626,41.1,27.7,38.5,3.1,2913
54,882,오뎅볶음,1,소접시,111,125,14.7,7.3,4.1,2,774
55,717,무나물,1,인분,75,50,4.1,0.8,3.5,1.8,424
56,278,무새우젓국,1,대접,114,62,3.26,6.1,2.88,0,0
57,369,[동원] 양반참치김치찌개,1,포장,290,105,7,10,4,0,0
58,805,콩나물겨자채,1,소접시,106,86,11.16,5.39,1.88,0,0
59,432,[CJ] 전복죽,1,개,315,180,31.05,7.65,2.8,0,0
60,531,절편,1,소접시,100,220,47.8,4.27,0.78,0.18,9
61,420,녹차죽,1,대접,315,227,0,0,0,0,0
62,57,삼각김밥 오삼불고기,1,개,100,194,0,0,0,0,0
63,340,참치찌개,1,대접,70,71,17.93,36.03,5.14,0,0
64,748,도라지무침,1,소접시,92,87,32.45,15.81,2.6,0,0
65,65,[훼밀리마트] 듬뿍닭불갈비삼각김밥,1,개,100,160,29.67,5.38,2.2,0,0
66,660,다진생강,1,회분,15,8,1.2,0.8,0,0,0
67,228,닭계장,1,인분,274,271,4.5,30.25,14.35,0,0
68,597,프렌치드레싱,1,종지,14,19,29.7,0,0.8,0,0
69,199,계란국,1,대접,100,54,2.65,4.32,2.95,1.12,283
70,436,[CJ] 오차즈케죽,1,개,273,150,0,0,0,0,0
71,812,잣 볶은것,1,회,100,708,4.7,17.6,75.0,0.0,30
72,801,콩나물냉채,1,소접시,87,29,18.03,4.92,5.1,0,0
73,579,한식된장,1,큰술,15,29,11.7,13.6,8.2,0,0
74,651,파프리카 분말,1,종지,2,7,0.9,0.4,0.3,0,0
75,596,이탈리안드레싱,1,종지,14,15,0.7,0,1.4,0,0
76,922,돼지고기고추장볶음,1,소접시,106,192,11.87,11.63,16.22,0,0
77,612,[오뚜기] 햄샌드위치스프레드,1,회분,100,505,14,2,50,0,0
78,784,두부톳무침,1,소접시,75,55,2.16,5.2,3.65,0,0
79,607,[오뚜기] 야채샌드위치스프레드,1,회분,100,420,14,1,41,0,0
80,418,수수죽,1,대접,250,211,47.45,5.42,0.61,0,0
81,473,[죽이야기] 토속올갱이죽,1,인분,699,328,0,0,0,0,0
82,917,돈육두루치기,1,인분,125,238,11.5,11.7,15.7,0,419
83,143,현미밥,1,공기,210,321,68.95,6.3,1.53,0,5
84,962,닭똥집,1,회,100,92,0.1,17,2.1,0,0
85,67,[GS25] 전주비빔순한맛삼각김밥,1,개,100,170,32,4,2.8,0,0
86,803,무숙채,1,소접시,76,52,4.26,1.02,4.28,0,0
87,536,증편,1,소접시,100,193,44.8,2.7,0.3,0,0
88,728,잔파무침,1,소접시,77,38,4.1,1.62,2.56,0,0
89,706,깻잎나물,1,소접시,84,47,6.84,3.81,6.64,0,0
90,838,돼지고기김치볶음,1,인분,80,105,2.29,6.95,7.61,0.9,358
91,799,편육겨자채,1,소접시,99,135,4.6,12.94,4.17,0,0
92,251,무된장국,1,대접,93,54,6.57,3.97,1.12,0,0
93,726,[맥도날드] 가든샐러드,1,접시,120,80,0,0,0,0,0
94,298,조갯살된장국,1,대접,56,63,0,0,0,0,0
95,304,[삼호F&G] 어묵왕오뎅,1,개,500,700,0,0,0,0,0
96,433,[동원] 양반 참치죽,1,개,285,165,29,7,2.6,0,465
97,532,찹쌀떡,1,개,50,118,25.27,2.51,0.71,3.55,122
98,309,[오뚜기] 간편미역국,1,컵,10,35,7,1,0.4,0,410
99,687,냉이나물,1,소접시,93,65,10.09,4.33,2.28,0,0
100,653,물엿,1,회분,100,273,75.7,0.1,0,0,0
101,466,[죽이야기] 쇠고기야채죽,1,인분,719,525,0,0,0,0,0
102,508,[구리코] 체다치즈프리츠,1,봉지,31,139,0,0,0,0,0
103,870,무청볶음,1,소접시,89,80,4.33,2.12,7.04,0,0
104,52,삼각김밥 떡갈비,1,개,100,150,0,0,0,0,0
105,83,[청정원] 쇠고기카레,1,인분,200,165,25.99,4.1,4.96,0,0
106,285,김당면국,1,대접,44,64,11.82,5.25,1.7,0,0
107,454,[농심] 보노스프 콘스프,1,포,18,83,13,1,3.1,13,370
108,264,가지냉국,1,대접,86,41,6.89,2.35,10.31,0,0
109,263,짬뽕국,1,대접,153,179,8.44,14.11,10.49,0,0
110,288,건새우미역국,1,대접,29,101,2.58,6.88,2.49,0,0
111,253,감자미역국,1,대접,69,61,7.78,3.16,2.27,0,0
112,97,단호박영양밥,1,인분,170,355,78.75,14.61,1.78,0,0
113,833,가지볶음,1,회,100,84,15.26,1.3,2.78,3.4,166.68
114,268,재치조개국,1,대접,89,78,7.67,10.3,2.85,0,0
115,825,떡잡채,1,소접시,120,207,119.15,25.06,12.05,0,0
116,294,우거지해장국,1,회,100,25,2.24,1.99,0.98,0.42,341.6
117,500,[서울마님죽] 호박죽,1,팩,500,340,66.13,10.55,3.7,0,0
118,863,우엉볶음,1,소접시,71,97,11.94,2.43,6.38,0,0
119,683,상추겉절이,1,인분,50,24,4.9,1.4,0.6,0,136
120,655,들깨가루,1,회,100,540,37.7,16,39.5,0,5
121,518,[본죽] 참치야채죽,1,그릇,680,700,120,10.5,14,0,0
122,966,오돌뼈,1,인분,90,159,8.61,12.81,8.18,0.99,381
123,235,두부김치국,1,대접,112,60,3.38,6.79,2.76,0,0
124,714,비름나물,1,소접시,78,39,5.13,2.97,3.8,0,0
125,593,토마토소스 통조림,1,종지,18,7,1.2,0.2,0,0,0
126,899,오징어떡볶음,1,소접시,125,146,23.39,10.24,1.4,0,0
127,397,적어매운탕,0.5,대접,99,59,3.1,8.2,1.9,2.6,465
128,678,장김치,1,소접시,102,10,2.6,0.95,0.11,0,0
129,522,[한국에스비] 컵스야채스프,1,회분,12,45,0,0,0,0,0
130,766,홍합무침,1,소접시,162,106,13.85,9.39,1.36,0,0
131,513,[오뚜기] 맛있는단팥죽,1,인분,285,325,63.71,10.34,3.2,0,0
132,376,다하누곰탕,1,팩,600,120,0,0,0,0,0
133,66,[훼밀리마트] 매콤참치김밥,1,줄,190,280,55.55,8.83,2.5,0,0
134,781,청포묵무침,1,소접시,100,58,11.5,0.92,0.88,1.34,43
135,724,해초샐러드,1,소접시,102,66,0,0,0,0,0
136,821,[남부햄] 콩마을,1,접시,50,101,2.6,7.6,7,0,0
137,960,돼지고기뒷다리구이,1,점,33,93,0,0,0,0,0
138,300,쇠고기토란국,1,소대접,87,65,0,0,0,0,0
139,409,흰죽,1,그릇,200,136,31.2,2.8,0,0,6
140,515,[CJ] 닭고기인삼스프,1,인분,250,115,16.1,8.6,1.8,0,0
141,963,치킨 (중간크기/뼈제거),1,조각,85,249,8.58,19.19,14.85,0.2,260
142,650,파슬리 말린것,1,종지,2,7,1,0.6,0.1,0,0
143,35,[농심] 추어탕국밥,1,인분,237,365,0,0,0,0,0
144,437,[오뚜기] 3분쇠고기죽,1,인분,230,85,16,3,1,0,0
145,601,후렌치드레싱,1,종지,14,19,29.7,0,0.8,0,0
146,723,햄야채샐러드,1,인분,143,152,0,0,0,0,0
147,749,더덕무침,1,뿌리,35,37,7.6,1.9,2,0,0
148,41,굴밥,1,인분,440,470,92.21,15.98,3.35,0,0
149,387,아구매운탕,0.5,대접,93,58,5.2,7.8,1.3,4.4,375
150,914,잔멸치소세지볶음,1,소접시,50,129,6.7,9.45,8.81,0,0
151,974,[스마트이팅] 고단백콩비엔나,11,조각,100,215,6.9,12.92,15.08,0,0
152,407,전복죽,1,인분,800,591,114.3,12.6,9.3,0,0
153,248,단배추된장국,1,대접,113,76,5.74,8.43,2.63,0,0
154,705,씀바귀나물,1,소접시,93,82,12.75,3.07,2.07,0,0
155,51,삼각김밥 게장양념,1,개,100,167,0,0,0,0,0
156,743,도토리묵무침,1,중간접시,100,45,10,0.2,0.3,1,118
157,709,근대나물,1,소접시,84,38,4.42,2.34,1.69,0,0
158,931,고추장불고기,1,인분,150,262,12.53,23.93,12.58,5.68,732
159,695,시래기나물,1,소접시,93,52,6.72,3.9,4.79,0,0
160,594,후추가루,1,회분,100,306,56,10.3,4.1,0,0
161,967,돼지막창,1,인분,200,601,5.73,29.84,51.59,0.89,1036
162,568,삼색떡국,1,회분,200,410,180.0,14.0,2.0,0.0,0
163,616,[오뚜기] 돈까스소스,1,종지,15,18,4.23,0.27,0,0,0
164,945,떡갈비,1,인분,200,416,4.05,32.98,29.19,1.16,579
165,776,피조개무침,1,소접시,162,114,12.1,10.83,2.16,0,0
166,520,[오뚜기] 오트밀스프 녹차,1,인분,25,85,0,0,0,0,0
167,948,돼지불고기,1,인분,250,464,12.74,30.32,30.9,6.3,688
168,239,조개살배추국,1,대접,125,68,6.67,7.32,1.62,0,0
169,440,[오뚜기] 3분삼계죽,1,인분,230,90,18.5,2,0.5,0,0
170,260,닭무국,1,대접,130,122,4.48,12.11,6.44,0,0
171,669,보쌈김치,1,소접시,74,49,16.29,21.83,10.23,0,0
172,868,마늘쫑볶음,1,소접시,92,75,16.1,3.2,1.6,14.3,1113
173,684,양파겉절이,1,소접시,67,33,7.68,1.18,0.17,0,0
174,238,조개국,1,대접,79,59,3.61,6.8,3.26,0,0
175,574,초장,1,종지,28,42,11.4,1,0,6.6,773
176,811,은행 삶은것,1,종지,30,49,0,0,0,0,0
177,789,골뱅이소면무침,1,인분,250,293,34.68,29.85,4.46,7.07,733
178,447,[동원] 양반 삼계죽,1,회분,285,175,33,10,0.6,2,520
179,290,오이냉국,1,대접,104,22,2.45,1.07,0.15,0,0
180,736,게맛살무침,1,소접시,95,85,9.77,4.93,2.5,0,0
181,906,진미채볶음,1,접시,50,139,20.8,9.3,2.1,5.8,582
182,822,잡채,1,인분,150,285,43.23,7.59,10.16,3.03,808
183,224,아욱국,1,대접,982,289,10.53,19.65,3.29,0,0
184,771,노각무침,1,소접시,100,56,9.55,1.71,1.22,4.71,544.91
185,891,뱅어포볶음,1,소접시,28,67,8.12,5.42,3.52,0,0
186,999,가자미구이,1,회,100,157,1.76,21.6,7.08,0.21,665.6
187,410,잣죽,1,인분,210,340,37.3,5.1,12,0,0
188,316,[훼밀리마트] 도시락친구계란국,1,회분,4,15,3.45,0.3,0,0,0
189,237,쇠고기두부국,1,대접,95,93,2.78,11.77,5.59,0,0
190,337,조기찌개,1,인분,171,135,9.7,17.8,3.4,0,728.6
191,227,배추된장국,1,인분,200,107,14.4,6.33,3.35,4.98,1290
192,491,종가집아침에먹는단팥죽,1,인분,270,235,0,0,0,0,0
193,487,[CJ] 인델리치킨반달루,1,인분,160,205,0,0,0,0,0
194,319,호박된장찌개,1,뚝배기,195,146,15.76,9.61,2.95,0,0
195,258,쑥국,1,인분,250,70,8.55,7.31,1.48,0.6,362
196,172,[동원] 쎈쿡 건강한 혼합곡밥,1,인분,210,310,72,5,0,0,10
197,758,파래무침,1,소접시,77,29,4.16,3.44,0.61,0.34,579
198,859,느타리버섯볶음,1,소접시,100,91,7.8,3.4,5.1,1.42,434.25
199,861,버섯채소볶음,1,소접시,118,77,5.97,2.28,5.64,0,0
200,733,오징어무침,1,소접시,143,103,11.76,11.56,3.09,0,0
201,732,미역초무침,1,소접시,84,33,9.71,1.82,0.28,0,0
202,69,[훼밀리마트] 매콤제육김치삼각김밥,1,개,112,187,38,4,2,0,0
203,953,닭불고기,1,소접시,115,170,9.25,12.69,9.71,0,0
204,351,섞어찌개,1,대접,198,147,16.1,10.4,5.5,15.3,1203
205,129,비프케밥,1,인분,200,395,0,0,0,0,0
206,871,멸치깻잎볶음,1,소접시,40,49,2.93,7.43,1.3,0,0
207,549,술떡,1,개,30,54,11.3,1.08,0.3,0.09,3
208,130,치킨케밥,1,인분,200,360,0,0,0,0,0
209,242,홍합무국,1,대접,84,63,3.64,4.4,2.53,0,0
210,58,삼각김밥 김치불고기,1,개,100,189,0,0,0,0,0
211,42,김밥,1,줄,200,318,57.6,7.3,6.5,0.5,833.29
212,957,닭꼬치구이,1,개,150,139,0,0,0,0,0
213,156,잡곡밥,1,공기,210,340,73.47,8.82,1.98,0.1,273
214,519,[오뚜기] 오트밀스프 오곡,1,인분,25,90,18.63,1.62,1,0,0
215,666,동치미,1,인분,100,18,3.55,1.47,0.24,1.76,508
216,280,새알미역국,1,대접,53,137,0,0,0,0,0
217,91,[CJ] 고추참치덮밥,1,인분,320,395,71.07,14.18,6,0,0
218,145,찰밥,1,공기,210,321,79.54,9.4,0.62,0,0
219,175,[동원] 쎈쿡 발아현미밥 210g,1,개,210,310,73,6,2.2,3,55
220,240,감자된장국,1,대접,128,101,12.97,5.12,1.02,0,0
221,182,[CJ] 햇반 쌀밥 210g,1,개,210,315,70,5,1.5,0,15
222,559,보리개떡,1,개,33,50,0,0,0,0,0
223,677,유채김치,1,소접시,60,17,6.06,2.1,0.48,0,0
224,986,[풀무원] 퓨렘로스구이,1,인분,40,68,0,0,0,0,0
225,405,단팥죽,1,인분,300,367,78.24,12.88,1.16,21.96,367
226,527,인절미 콩고물,1,개,17,36,0,0,0,0,0
227,173,[동원] 쎈쿡찰진밥,1,인분,210,300,69,6,0,0,0
228,99,[오뚜기] 맛있는김치참치덮밥,1,개,340,425,0,0,0,0,0
229,153,옥수수밥,1,공기,85,293,77.84,6.1,0.47,0,0
230,996,삼치양념구이,1,토막,98,170,9,14.78,5.26,0,0
231,88,[CJ] 인도치킨커리덮밥,1,인분,340,450,261.97,60.86,26.52,0.0,0
232,605,[오뚜기] 1000아일랜드드레싱,1,회분,100,362,13,1,35,0,0
233,589,마요네즈,1,큰술,18,126,0.46,0.38,14.18,0,0
234,697,무말랭이오징어무침,1,소접시,75,128,18.45,10.79,3.13,0,0
235,632,[CJ] 쇠고기다시다,1,인분,1,4,0.5,0.2,0.1,0,222.8
236,764,대구포무침,1,소접시,30,93,4.52,12.52,2.77,0,0
237,443,[화과방] 청둥호박죽,1,인분,280,170,34.3,8.2,0,0,0
238,814,피스타치오 조미한것,1,종지,13,74,0,0,0,0,0
239,566,모시송편,1,개,50,60,13.08,0.95,0.41,4.33,3
240,622,[CJ] 프레시안스파게티소스 미트,1,종지,20,17,3.66,0.59,0,0,0
241,904,부추어묵,1,개,30,35,3,3,1.1,0,0
242,448,[오뚜기] 삼계죽,1,인분,285,160,31,7,1.1,0,380
243,204,쇠고기미역국,1,인분,200,177,16,15,6.7,0.7,681
244,879,새송이버섯볶음,1,인분,205,297,9.37,4.02,28.83,0,0
245,373,추어탕,1,인분,300,194,3.54,26.52,8.01,1,1202
246,203,참치김치국,1,대접,100,41,2.49,5.42,0.69,0,0
247,700,고구마줄기무침,1,소접시,100,61,9.4,1.1,2.5,1.8,677
248,495,[오뚜기] 옛날 쇠고기죽,1,봉,85,315,65,8,2.8,2,1210
249,613,[오뚜기] 후레시마요네즈,1,회분,100,730,1,1,80,0,0
250,720,파강회,1,접시,74,27,9.7,7.47,3.79,0,0
251,672,파김치,1,소접시,15,18,4,1.2,0.2,0,302
252,250,두부찌개,1,인분,300,297,7.1,20.9,20.3,1.9,582
253,946,햄구이,1,쪽,40,52,2.36,6.6,1.68,0,0
254,286,계란파국,1,대접,52,80,2.38,5.27,4.77,0,0
255,757,파래무생채,1,소접시,83,26,5.5,1.94,0.74,0,739.3
256,498,[서울마님죽] 단팥죽,1,팩,500,475,95,20,2.5,20,800
257,449,[CJ] 송이버섯죽,1,인분,315,145,0,0,0,0,0
258,625,양념치킨소스,1,큰술,15,34,7.3,0.6,0.25,0,0
259,109,[한솥도시락] 육개장도시락,1,인분,400,636,0,0,0,0,0
260,600,카레가루,1,티스푼,6,20,3.66,0.8,0.87,0.17,3
261,388,닭매운탕,1,대접,146,183,0,0,0,0,0
262,178,고구마밥,1,공기,210,312,75.28,5.12,0.16,0,0
263,284,다시멸치미역국,1,소대접,250,16,2.34,3.58,0.84,0,0
264,335,어묵김치찌개,0.5,인분,355,140,18.1,9.6,4.5,16.9,1041
265,983,돼지어깨등심 구운것,1,토막,45,135,0,10.49,9.63,0,0
266,116,[GS25] 유부초밥과알참치김밥,1,개,210,344,53,8,12,0,0
267,927,칠면조볶음,1,소접시,119,143,6.78,14.57,5.09,0,0
268,421,단호박죽,1,대접,310,261,49.14,6.01,0.54,0,0
269,944,[예맛] 맥주용 안주김,1,회분,1,10,0.25,0,1,0,0
270,958,훈제계란,1,개,60,88,0.68,7.49,6.04,0.46,198
271,692,취나물,1,인분,100,31,5.4,3.3,0.4,0,0
272,719,미나리강회,1,접시,114,56,8.72,7.12,3.72,0,0
273,844,철판구이볶음,1,소접시,155,146,6.23,13.66,6.91,0,0
274,849,햄김치볶음,1,소접시,99,199,5.48,7,12.98,0,0
275,33,[농심] 미역국밥,1,인분,249,385,0,0,0,0,0
276,856,소세지야채볶음,1,소접시,89,151,4.38,7.92,11.22,0.83,364
277,496,[서울마님죽] 영양닭죽,1,팩,500,345,0,0,0,0,0
278,488,[오뚜기] 마이스타일쇠고기죽,1,인분,22,85,16.85,2.27,0.95,0,0
279,493,종가집아침에먹는호박죽,1,인분,255,170,0,0,0,0,0
280,137,[풀무원] 7가지 야채와 통새우 볶음밥,1,회,225,385,70,9,9,5,550
281,315,[풀무원] 국산콩 진한 콩국물,1,봉,320,160,16,12.8,6.4,3.2,512
282,772,오징어채무침,1,소접시,31,100,4.66,12.8,3.37,0,0
283,40,[오뚜기] 옛날국밥쇠고기미역국밥,1,개,350,255,49,10,1.9,0,820
284,810,아몬드 조미한것,1,종지,13,77,0,0,0,0,0
285,746,콩나물미나리무침,1,소접시,74,28,4.07,3.69,2.33,0,0
286,154,완두콩밥,1,공기,210,325,69.68,6.38,1.41,0.76,639
287,92,[CJ] 볶음자장,1,봉지,180,145,20.75,2,6,0,0
288,583,마늘가루,1,종지,2,8,1.79,0.46,0.02,0,0
289,404,[오뚜기] 옛날구수한누룽지,1,회분,30,110,26,2,0,0,20
290,820,무슬리,1,회분,100,320,0,0,0,0,0
291,161,[농심] 발아현미밥,1,그릇,210,332,0,0,0,0,0
292,681,[한울] 꼬마 맛김치,1,회,80,25,4,1,0,2,420
293,575,고추장볶음,1,종지,29,62,7.75,3.18,1.88,0,0
294,445,[CJ] 녹차죽,1,회분,100,155,29.9,5.8,1.3,0,0
295,752,홍어회무침,1,중간접시,200,199,26,17.9,2.6,0,0
296,403,연포탕,1,그릇,1000,542,20.2,94.9,9,0,0
297,712,미나리나물,1,소접시,89,31,6.29,2.05,0.58,0,0
298,690,배추나물,1,소접시,90,39,7.81,1.73,0.7,0,0
299,979,돼지갈비 구운것,1,토막,45,151,0,13.55,11.52,0,0
300,865,버섯볶음,1,소접시,128,98,10.7,3,6.8,0,613
301,767,북어채무침,1,소접시,28,99,21.85,16.95,22.07,0,0
302,525,[서울마님죽] 고구마죽,1,팩,500,416,406.25,67.25,20.5,0.0,0
303,699,고사리나물,1,인분,81,50,3.6,2.2,3,0,282
304,765,오징어풋마늘무침,1,소접시,101,89,6.48,14.78,1.16,0,0
305,649,토마토케찹,1,티스푼,16,15,3.76,0.26,0.06,3.42,167
306,31,국밥,1,인분,500,680,0,0,0,0,0
307,459,SMART EATING 나트륨을 줄인 전복죽,1,회분,250,155,0,0,0,0,0
308,744,쥐포무침,1,소접시,31,95,9.8,8.12,2.55,0,0
309,543,찹쌀전병,1,개,11,46,8.7,0.8,1,0,0
310,860,깻잎나물볶음,1,회,90,70,7.22,3.34,4.57,0,0
311,206,어묵국,1,인분,200,121,12.5,12.66,2.37,1.14,1183
312,47,쇠고기김밥,1,줄,186,512,90.64,11.43,7.39,0,0
313,441,[오뚜기] 3분참치죽,1,인분,230,80,23,2,0,0,0
314,509,[풀무원] 생가득고소한새우크림요리죽,1,회분,200,165,25.65,5.03,4.7,0,0
315,336,오징어찌개,0.5,인분,87,60,3.8,8.8,1.4,3.3,316
316,471,[본죽] 매생이굴죽,1,그릇,815,770,0,0,0,0,0
317,961,돼지고기바베큐,1,조각,33,59,0,0,0,0,0
318,325,두부된장찌개,1,인분,300,162,15.2,13,5.6,2,2272
319,702,톳나물,1,소접시,64,33,7.15,1.42,0.4,0,0
320,113,[한솥도시락] 명란도시락,1,인분,400,599,0,0,0,0,0
321,535,쑥설기,1,개,20,51,11.1,0.9,0.1,0,0
322,313,[오뚜기] 북어국스프,1,회분,10,30,5.5,2,0,0,0
323,694,시금치나물,1,소접시,86,57,6.16,2.74,3.08,0.81,497
324,98,[오뚜기] 맛있는춘천닭갈비덮밥,1,개,340,460,82,15,8,0,0
325,68,salmon avocado roll,1,팩,100,190,33,6,4,0,0
326,197,조개된장국,1,대접,114,62,11.05,6.2,1.24,0,0
327,659,[풀무원] 한국풍참깨간장드레싱,1,회분,30,24,5.2,0.8,0,0,0
328,590,[백설] 멸치다시다,1,종지,2,5,0.6,0.6,0.1,0,0
329,50,비엔나야채주먹밥,1,개,100,145,27.4,4.4,2,0,0
330,615,그린스위트,1,회분,3,12,3,0,0,0,0
331,729,미역오이초무침,1,소접시,60,20,5.8,1.85,0.35,0,0
332,793,[모정식품] 메밀묵,1,회분,100,65,0,0,0,0,0
333,718,머위나물,1,소접시,77,65,10.26,3.65,2.07,0,0
334,571,양조간장,1,큰술,15,9,1,1,1,0,0
335,177,감자밥,1,공기,270,308,68.6,5.68,0.08,0,5.2
336,880,버섯만넣은마른표고버섯볶음,1,접시,103,309,34,18.5,11,0,0
337,377,[하림] 하림닭다리삼계탕,1,팩,600,780,90.85,62.3,18.6,0,0
338,312,[오뚜기] 미역국스프,1,회분,9,30,5.4,1,0.5,0,0
339,682,부추겉절이,1,소접시,83,59,4.74,5.22,0.57,0,0
340,850,쇠고기버섯볶음,1,소접시,104,124,6.42,11.45,11.24,0,0
341,256,바지락냉이토장국,1,대접,108,63,8.63,7.16,1.24,0,0
342,866,도라지볶음,1,소접시,69,108,12.99,1.53,5.03,0,0
343,444,[오뚜기] 야채죽,1,인분,28,105,0,0,0,0,0
344,293,시래기국,1,대접,345,53,6.11,4.72,1.77,0,0
345,577,초고추장,1,종지,20,43,10.41,0.6,0.04,8.71,72
346,972,돼지양념갈비,1,토막,45,196,0,0,0,0,0
347,62,삼각김밥 참치마요네즈,1,개,100,163,0,0,0,0,0
348,77,버섯덮밥,1,대접,232,430,77.48,12.6,3.62,0,0
349,424,계란죽,1,대접,280,189,24.21,8.76,10.81,0,0
350,389,가자미매운탕,1,인분,161,141,10,18,3,0,0
351,722,떡맛샐러드,1,소접시,120,210,0,0,0,0,0
352,138,비빔밥,1,인분,400,586,89.78,22.05,13.99,6.02,433
353,685,양배추겉절이,1,소접시,95,41,6.05,1.46,1.61,0,0
354,862,죽순볶음,1,소접시,65,70,2.34,2.15,6.47,0,0
355,458,[농심] 보노스프 펌킨스프,1,회분,19,85,13.34,1.16,3,0,0
356,307,즉석미소된장국,1,회분,7,20,0,0,0,0,0
357,96,[청정원] 카레여왕 스위트카레,1,인분,180,210,25,4,10,0,750
358,223,떡국,1,그릇,300,345,66.59,11.18,3.21,0.64,644
359,877,[해도원식품] 오대감파래김,1,회분,5,25,0,0,0,0,0
360,873,미역줄기잡채,1,소접시,89,85,3.88,4.88,7.79,0,0
361,171,[동원] 쎈쿡건강한녹차혼합곡,1,인분,210,320,70.38,6.92,1.2,0,0
362,980,돼지등심 구운것,1,토막,45,113,0.32,17.06,3.96,0,0
363,754,어묵콩나물부추무침,1,소접시,76,70,8.99,7.1,1.98,0,0
364,836,고사리볶음,1,소접시,72,58,4.15,2.17,4.45,0,0
365,750,김무침,1,소접시,5,12,0.97,2.16,0.35,0.12,68
366,617,[오뚜기] 멸치국수장국,1,회분,100,30,5,2,1,0,0
367,155,율무밥,1,공기,90,314,77.7,6.67,0.41,0,0
368,517,단호박바나나죽,1,용기,200,83,17.4,1.1,0.03,0,0
369,272,토란국,1,대접,78,50,9.6,6.74,1.99,0,0
370,808,천사채,1,소접시,50,9,0,0,0,0,0
371,626,[오뚜기] 타타르소스,1,회분,100,535,12,1,54,0,0
372,232,김치무국,1,대접,89,28,3.7,2.46,0.48,0,0
373,932,소세지케찹볶음,1,소접시,117,280,0,0,0,0,0
374,462,[오뚜기] 옛날구수한흑미누룽지,1,회분,30,120,27.6,2.4,0,0,0
375,584,미림,1,회분,100,130,35.5,0.3,0.3,0,0
376,366,[대상] 쿡조이쇠고기된장찌개,1,봉지,200,89,7.3,8.2,3,0,0
377,794,ORGA 올가 무말랭이,1,회분,25,35,0,0,0,0,0
378,548,호박떡,1,개,30,70,13.92,1.54,0.85,0.44,27
379,90,[CJ] 김치제육덮밥,1,인분,315,420,235.46,45.67,22.05,0.0,0
380,118,볶음밥,1,인분,300,504,189.54,56.7,56.07,6.84,1245
381,266,호박잎된장국,1,뚝배기,108,79,6.24,6.24,1.41,0,0
382,938,더덕구이,1,쪽,22,22,6.7,1.5,2.9,0,0
383,202,북어콩나물국,1,소대접,250,125,1.99,17.72,4.27,0,0
384,738,골뱅이무침,1,중간접시,100,109,15.7,7.1,2,0,0
385,476,[CJ] 햇반단호박죽,1,개,270,190,35.42,3.08,4,0,0
386,592,춘장,1,종지,18,33,4.2,2.4,0.8,0,0
387,643,양파가루,1,종지,2,8,7.9,1,0.2,0,0
388,760,풋마늘초무침,1,소접시,66,53,11.46,2.44,0.75,0,0
389,634,[참그루] 오미자감식초,1,큰술,15,25,6.2,1,1,0,0
390,921,베이컨볶음,1,소접시,106,161,6.52,7.96,11.38,0,0
391,80,제육덮밥,1,회,100,156,23.1,6.02,4.45,1.45,307.61
392,857,쇠고기마늘볶음,1,소접시,93,172,4.19,13.23,11.84,0,0
393,148,녹두밥,1,공기,90,311,76.85,7.36,0.24,0,0
394,456,[동원] 양반 꿀단호박죽,1,개,285,245,57,4,0,24,270
395,989,[동원] 와인갈릭구이,1,회분,43,115,5,6,8,0,0
396,399,민어매운탕,0.5,인분,89,75,4.6,9,2.8,3.7,506
397,371,[놀부] 김치부대찌개,1,회분,100,79,7,5,3.6,0,0
398,168,[CJ] 12혼합곡,1,회분,100,315,0,0,0,0,0
399,214,김치콩나물국,1,인분,250,42,6.11,2.34,1.48,1.89,631
400,662,에이엠푸드샐러드,1,개,200,235,43.5,4,5,0,0
401,686,콩나물무침,1,소접시,80,38,5.99,2.31,1.13,1.97,401
402,210,동태무국,1,대접,120,68,0,0,0,0,0
403,63,삼각김밥 참치김치매운맛,1,개,100,161,0,0,0,0,0
404,185,[CJ] 둘이함께햇반,1,개,400,600,0,0,0,0,0
405,94,[청정원] 카레여왕 치킨카레,1,봉,160,125,21,4,2.9,8,1010
406,557,무지개떡,1,개,33,70,15.97,1.08,0.09,3.04,48
407,901,호박홍합볶음,1,소접시,121,77,6.8,4.47,3.92,0,0
408,382,조기매운탕,1,대접,155,144,12.78,46.91,15.17,0,0
409,243,감자고비된장국,1,대접,129,91,11.8,7.43,2.5,0,0
410,713,미역나물,1,소접시,78,19,4.21,1.63,0.56,0,0
411,933,불닭볶음,1,소접시,187,308,0,0,0,0,0
412,606,[오뚜기] 스모키허니드레싱,1,종지,15,39,3.9,0.49,2.38,0,0
413,78,낙지덮밥,1,인분,300,403,64.35,26.63,4.69,8.28,1128
414,486,[CJ] 인델리팔락파르니,1,인분,160,240,0,0,0,0,0
415,374,해물탕,1,대접,129,80,11.52,40.74,8.37,0,0
416,894,건꼴뚜기볶음,1,소접시,34,119,6.52,10.72,4.61,0,0
417,505,[CJ] 매운맛카레,1,인분,180,125,18.4,1.6,5,0,0
418,890,오징어볶음,1,소접시,167,177,13.4,21,4.1,0,572
419,468,[죽이야기] 녹두죽,1,인분,503,554,0,0,0,0,0
420,745,무미역생채,1,소접시,70,21,5.9,1.35,0.15,0,727.2
421,73,규동 (쇠고기덮밥),1,인분,350,614,70.27,23.87,25.09,0.93,757
422,271,표고버섯북어국,1,소대접,250,123,4.06,15.79,3.17,0,0
423,623,[CJ] 프레시안스파게티소스 토마토,1,종지,20,14,3.01,0.49,0,0,0
424,950,소불고기,1,인분,300,489,45.0,169.5,61.2,21.6,571
425,954,닭갈비,1,인분,115,171,10.8,12.2,8.2,1.8,352
426,419,율무죽,1,대접,315,138,29.93,1.58,1.26,0,0
427,208,참치미역국,1,대접,32,60,4.64,11.11,11.23,0,0
428,585,쌈장,1,종지,22,40,6.51,1.63,1.22,1.04,297
429,144,보리밥,1,공기,210,294,67.41,6.09,0.63,0,0
430,322,순두부찌개,1,인분,300,259,5.6,18.3,18,1.7,516
431,798,탕평채,1,소접시,189,90,10.77,6.39,4.63,0,0
432,883,잔멸치볶음,1,회,100,342,26.2,31,12.6,0,1896
433,652,[오뚜기] 순후추,1,회분,100,380,65,12,8,0,0
434,503,[서울마님죽] 한우소고기죽,1,팩,500,275,55,5,6,0,900
435,141,돌솥비빔밥,1,인분,300,472,197.7,48.81,44.7,13.35,410
436,848,취나물볶음,1,소접시,83,123,1.71,1.49,17.52,0,0
437,780,어리굴젓무침,1,소접시,48,51,2.51,2.02,2.65,0,0
438,127,[천일냉동식품] 소불고기볶음밥,1,인분,300,510,79.35,18.9,13,0,0
439,786,새우무침,1,소접시,34,110,3.7,10.1,3.24,0,0
440,773,문어무침,1,소접시,130,83,7.09,9.18,2.67,0,0
441,645,생청국장,1,회분,15,26,1,2.75,1.33,0,0
442,43,김초밥,1,줄,274,491,206.68,37.46,24.82,0.0,0
443,919,곱창볶음,1,인분,150,265,15.59,12.41,19.82,3.03,305
444,303,뼈다귀해장국,1,인분,300,315,7.1,39.9,13.5,1.9,2420
445,981,돼지사태 구운것,1,토막,45,133,0.27,17.01,2.52,0,0
446,344,미더덕 된장찌개,0.5,그릇,150,65,6.4,6.1,2.4,5.7,570
447,102,[한솥도시락] 햄버그도시락,1,인분,400,707,88.38,44.19,19.64,0,0
448,688,가지나물,1,소접시,50,30,2.5,0.75,0.7,0,0
449,647,칠리가루,1,종지,9,30,5.41,1.35,0.74,0,0
450,843,양파볶음,1,소접시,50,48,11.1,1.5,0.2,5.2,3
451,858,쇠고기오이볶음,1,소접시,119,96,2.99,7,6.59,0,0
452,478,[CJ] 햇반홍게살죽,1,개,315,185,31.86,5.17,4.1,0,0
453,565,강원도감시기감자부꾸미,1,개,50,67,0,0,0,0,0
454,674,무청김치,1,소접시,60,14,1.44,1.62,0.42,0,0
455,324,청국장찌개,1,인분,140,117,11.05,10.03,4.19,3.25,1108
456,49,[바이더웨이] 삼각김밥 김치참치마요네즈,1,개,105,178,0,0,0,0,0
457,342,달래된장찌개,0.5,인분,125,37,4.8,3.6,1.4,3.7,288
458,604,딸기시럽,1,회분,100,259,67.2,0,0.2,0,9
459,101,주먹밥,1,개,100,150,27.5,3.9,2.5,0.3,107
460,671,부추김치,1,소접시,61,26,4.28,2.4,1.01,0,0
461,93,[청정원] 카레여왕 야채카레,1,인분,180,105,18,3,2.4,8,770
462,708,쇠고기무나물,1,소접시,83,80,3.79,5.82,5.08,0,0
463,273,호박새우젓국,1,대접,98,56,4.48,3.2,0.73,0,0
464,995,삼치구이,1,토막,72,124,0,13.23,4.27,0,0
465,654,[스타벅스] 휘핑크림,1,회분,35,129,4.1,0,12.6,0,0
466,247,냉이된장국,1,인분,300,126,15.24,9.74,3.41,5.01,1632
467,54,[CU] 참치김치볶음 삼각김밥,1,개,100,173,31,4,3.7,1,688
468,663,배추김치,1,소접시,100,25,4.4,1.4,0.2,0.4,232
469,769,멸치잔파무침,1,소접시,36,73,3.76,7.12,3.09,0,0
470,414,야채죽,1,대접,250,198,20.11,2.01,1.16,0,0
471,212,쇠고기국,1,소대접,250,78,6.88,8.22,2.71,0,0
472,834,고춧잎볶음,1,소접시,89,74,8.19,3.62,5.56,0,0
473,361,버섯찌개,0.5,대접,93,43,5.7,3.9,1.3,4.9,390
474,511,[풀무원] 생가득영양만점전복요리죽,1,회분,200,135,25.07,4.18,2,0,0
475,936,[동원] 천연장비엔나,1,개,17,45,0.3,2,4,0,0
476,900,미역줄거리볶음,1,소접시,96,68,0,0,0,0,0
477,842,콩나물잡채,1,소접시,124,112,47.16,12.96,7.47,0,0
478,809,커피땅콩,1,종지,13,73,3.51,3.15,5.82,0,0
479,119,쇠고기볶음밥,1,인분,300,553,67.66,19.37,21.87,1.67,711
480,939,도라지구이,1,쪽,22,27,7.1,0.7,0.6,0,0
481,84,[청정원] 쇠고기짜장,1,회분,200,180,29.9,6.2,3.9,0,0
482,111,[한솥도시락] 돈까스도시락,1,인분,400,683,0,0,0,0,0
483,460,[본죽] 게살죽,1,그릇,700,740,40,8,10,0,0
484,310,[삼육] 삼육콩국,1,회분,250,105,5.18,10.05,4.9,0,0
485,824,도토리묵김치잡채,1,소접시,95,57,12.48,1.26,1.65,0,0
486,213,무국,1,인분,200,120,13.78,2.76,6.64,4.04,1087
487,546,수수부침,1,개,11,44,8,1,1.1,0,0
488,774,굴무침,1,소접시,88,90,7.61,10.21,2.88,0,0
489,778,쇠고기김무침,1,소접시,72,103,3.01,14.76,3.19,0,0
490,529,가래떡,1,쪽,100,238,52.07,4.52,0.64,0.11,205
491,783,호박오가리무침,1,소접시,48,111,17.23,3.22,2.54,0,0
492,211,콩나물된장국,1,대접,37,52,5.19,5.64,1.47,0,0
493,38,[농심] 소고기국밥 248g,1,인분,248,375,0,0,0,0,0
494,889,북어볶음,1,소접시,36,119,6.48,11.79,3.94,0,0
495,367,[대상] 쿡조이청국장찌개,1,봉지,200,109,9.1,8.2,4.5,0,0
496,968,[풀무원] 퓨렘로스구이 250g,1,개,250,427,0,0,0,0,0
497,287,경단미역국,1,대접,32,110,18.94,3.25,2.2,0,0
498,343,된장찌개,1,인분,200,176,16.46,15.51,5.83,3.75,2452
499,642,양조식초,1,큰술,100,3,0.29,1,1,0,0
500,997,고등어구이,1,인분,200,379,0.7,35.18,25.19,0.18,822
501,598,[오뚜기] 스파게티소스 분말,1,종지,2,7,1.6,0.2,0,0,0
502,452,[CJ] 단호박죽,1,인분,270,175,38.18,4.36,0.51,0,0
503,913,돼지고기볶음,1,인분,200,320,19.8,21.91,20.05,3.85,423
504,105,[한솥도시락] 김치찌개도시락,1,인분,400,602,90.3,30.1,13.38,0,0
505,762,무생채,1,소접시,78,32,5.74,0.92,0.91,3.22,553
506,874,오향장육,1,인분,80,157,15.03,29.26,34.13,0.0,0
507,233,감자국,1,회,100,85,9.39,4.32,3.35,0.68,274
508,661,[오뚜기] 밥친구 참깨,1,인분,8,40,2.4,2,2.5,0,0
509,225,김치수제비국,1,소대접,200,87,18.35,4.52,0.69,0,0
510,146,콩밥,1,공기,200,345,74.57,9.11,1.97,0.1,368
511,992,[하림] 하림비엔나,1,회분,100,280,13,14,19,0,0
512,792,갑오징어죽순초무침,1,소접시,98,137,0,0,0,0,0
513,231,김치국(김칫국),1,인분,199,83,7.53,13.38,5.92,0,0
514,830,고구마줄기볶음,1,소접시,80,56,8.03,0.97,2.47,3.01,149
515,400,대구지리,1,인분,142,88,5.3,15.2,1.5,0,1255.9
516,181,누룬밥,1,공기,60,208,39.25,2.85,0.05,0,0
517,317,[훼밀리마트] 도시락친구일식된장국,1,개,5,20,4,0.8,0,0,0
518,281,떡어묵국,1,대접,121,182,20.75,8.96,1.09,0,0
519,665,열무김치,1,소접시,35,12,1.8,0.8,0.2,0.4,224
520,998,갈치구이,1,회,100,192,0.14,24.8,10.31,0.14,336
521,226,홍합미역국,1,회,100,26,1.79,3.03,0.72,0,314.41
522,124,[CJ] 프레시안닭가슴살볶음밥,1,인분,270,445,0,0,0,0,0
523,95,[청정원] 카레여왕 비프카레,1,인분,160,133,24,4,2.3,8,760
524,721,부추강회,1,접시,114,66,2.69,10.97,1.81,0,0
525,392,복지리,1,대접,118,81,4.6,1.4,0.8,4.1,930
526,735,미나리무침,1,소접시,76,24,11.23,4.26,2.75,0,0
527,679,백김치,1,회,100,22,4.75,1.21,0.19,1.43,454
528,563,인절미,1,회분,100,220,45.39,5.65,1.86,1.93,341.37
529,291,선지해장국,1,인분,500,430,12.01,49.19,21.71,1.89,2469
530,819,브라질너트 볶은것,1,회,100,669,9.6,14.9,69.1,2.3,78
531,289,감자호박국,1,소대접,250,45,8.69,4.05,0.47,0,0
532,152,오곡밥,1,공기,210,311,74.64,11.74,2.62,0,0
533,301,[풀무원] 올갱이국,1,회분,100,21,0,0,0,0,0
534,201,북어계란국,1,대접,82,155,2.6,18.31,5.47,0,0
535,308,[오뚜기] 황태해장국,1,인분,200,35,2.3,4.2,1,0,0
536,646,청국장 분말,1,큰술,15,67,1.96,6.65,3.62,0,0
537,274,유부국,1,대접,78,57,3.23,7.03,5.78,0,0
538,831,감자채볶음,1,소접시,129,84,14.1,2.4,2.2,0,205
539,516,허머스HUMMUS,1,큰술,14,35,1.5,0.5,3,0,0
540,994,쥐포구이,1,장,36,119,6.17,7.52,0.41,0,0
541,896,오징어어묵볶음,1,소접시,130,136,16.27,14.47,3.97,0,0
542,275,건새우아우국,1,대접,67,83,0,0,0,0,0
543,411,팥죽,1,인분,400,382,313.96,60.24,6.16,14.44,555
544,923,김치소세지볶음,1,소접시,100,127,4.28,4.9,10.79,0,0
545,564,[수예당제과] 만주세트 호두 밤 아몬드 커피 코코넛,1,회분,100,301,54.05,7.34,6.16,0,0
546,524,[폰타나] 클램차우더스프,1,회분,30,105,0,0,0,0,0
547,534,약식,1,소접시,100,244,52.3,3.7,2.2,0,0
548,46,[GS25] 김치김밥,1,줄,144,381,0,0,0,0,0
549,800,겨자채,1,소접시,153,148,11.17,9.53,9.28,0,0
550,166,[CJ] 햇반 흑미밥,1,개,210,320,71,5,1.6,0,15
551,136,[TGIF] 해물김치볶음밥 100g,1,소접시,100,174,0,0,0,0,0
552,991,[청정원] 참작순살비엔나,1,회분,30,100,2,3,9,0,0
553,540,쑥개피떡,1,개,25,52,11.3,1.1,0.2,0,0
554,187,고향산천쌀밥,1,인분,200,300,0,0,0,0,0
555,176,돌솥밥,1,공기,130,384,0,0,0,0,0
556,151,수수밥,1,공기,100,168,36.27,3.46,1.06,0.15,171
557,878,미역줄기볶음,1,인분,200,82,13.32,1.89,3.07,5.19,235
558,262,선지곱창국,1,대접,207,126,10.6,12.2,4.6,0,855.1
559,391,복매운탕,1,그릇,388,131,9.8,19,3,8.3,790
560,982,돼지안심 구운것,1,회,100,160,0,30.23,4.76,0,57
561,755,오이생채,1,소접시,80,30,5.42,0.96,0.92,2.66,540
562,467,[죽이야기] 버섯야채죽,1,인분,380,499,81,16,17,0,0
563,637,[청정원] 식초,1,큰술,10,1,0,0,0,0,0
564,329,연두부찌개,1,대접,174,101,12.3,9.9,3.5,10.6,164
565,423,녹두죽,1,인분,300,200,41.35,7.2,0.92,0.56,376
566,406,호박죽,0.5,대접,352,257,52.5,4.2,3.7,9.8,542
567,44,참치김밥,1,줄,250,418,61.2,14.5,12.8,0.3,864.56
568,302,올갱이국,1,회,100,24,2.17,2.28,0.69,0.27,336.19
569,261,선짓국,1,인분,800,337,11,51.1,9.9,0,0
570,545,수수경단,1,개,20,44,8.6,1.6,0.3,0,0
571,928,닭발볶음,1,회,100,206,12,15.2,11.2,5.6,548.8
572,198,시금치된장국,1,인분,250,120,17.48,7.91,2.8,5.63,1173
573,818,호박씨 조미한것,1,종지,13,74,0,0,0,0,0
574,603,머스타드소스,2,작은술,2,1,0.1,0.1,0.1,0,18
575,956,쇠고기 등심구이,1,인분,204,386,0,0,0,0,0
576,827,[청오건강] 유기농쥐눈이볶음,1,회분,15,58,0,0,0,0,0
577,608,[오뚜기] 드레싱,1,종지,15,36,3.68,0.46,2.25,0,0
578,150,밤팥밥,1,공기,110,342,69.21,6.56,0.2,0,0
579,785,조개젓무침,1,소접시,73,62,4.21,2.76,2.55,0,0
580,71,[훼밀리마트] 김치베이컨김밥,1,개,220,339,49.75,8,12,0,0
581,236,두부계란탕,1,대접,150,163,4.55,12.59,7.82,0,0
582,638,[청정원] 현미식초,1,큰술,10,2,0.29,1,1,0,0
583,115,[한솥도시락] 새댁도시락,1,인분,400,528,0,0,0,0,0
584,255,감자당면국,1,대접,50,41,17.77,1.79,0.02,0,0
585,464,[오뚜기] 옛날구수한오곡누룽지,1,회분,30,120,27.6,2.4,0,0,0
586,947,갈비구이,1,토막,254,566,9.48,19.49,22.56,0,0
587,244,근대된장국,1,인분,300,140,17.46,10.41,4.08,6.46,815
588,806,삼색냉채,1,소접시,85,32,6.76,0.97,0.21,0,0
589,334,동태찌개,1,인분,650,368,21.8,55.2,6.2,0,982
590,523,[한국에스비] 컵스양송이스프,1,회분,12,50,0,0,0,0,0
591,122,소불고기볶음밥,1,인분,400,479,0,0,0,0,0
592,553,감자떡,1,개,30,64,12.11,3.2,0.6,0,0
593,482,[풀무원] 생가득미니밀 게살버섯수프,1,인분,180,60,0,0,0,0,0
594,852,구절판,1,소접시,145,230,63.51,35.29,20.17,0,0
595,186,[농심] 고향산천강원도쌀밥,1,낱개,200,300,64.5,6,2,0,0
596,707,숙주맛살무침,1,소접시,97,22,1.57,2.57,0.74,0,0
597,845,김치볶음,1,인분,38,33,1.63,0.63,2.82,0.64,221
598,779,오징어어묵무침,1,소접시,76,69,5.03,11.31,1.53,0,0
599,372,꽃게탕,1,인분,1292,400,17.79,49.58,14.34,0,0
600,368,[오뚜기] 맛있는청국장찌개,1,인분,350,160,17.25,9.1,6.25,0,0
601,841,참치야채볶음,1,소접시,95,84,5.61,12.22,4.31,0,0
602,192,조개살두부국,1,대접,97,73,3.19,8.81,3.14,0,0
603,110,[한솥도시락] 제육볶음도시락,1,인분,400,586,95.63,47.81,21.25,0,0
604,252,모시조개시금치국,1,대접,112,63,0,0,0,0,0
605,347,돼지고기찌개,1,인분,205,243,13.3,16.5,14.3,0,1042
606,339,참치두부찌개,1,뚝배기,567,519,20.5,71.6,17.3,13.3,1355
607,45,충무김밥,1,회분,100,145,27.29,5.86,1.49,4.3,323.57
608,790,참나물무침,1,소접시,72,26,3.8,2.18,0.79,1.05,214
609,869,멸치야채볶음,1,소접시,83,120,10.4,7.75,5.94,0,0
610,463,[오뚜기] 옛날구수한현미누룽지,1,인분,30,120,27,2,0,0,0
611,987,[이마트] 콩단백콩프랑크,1,개,30,74,6.1,4.53,3.5,0,0
612,422,옥수수죽,1,대접,210,215,0,0,0,0,0
613,631,깨소스,1,종지,30,48,0,0,5.35,0,0
614,975,[비건] 냉동양념콩불구이,1,회분,100,274,0,0,0,0,0
615,417,새우죽,1,대접,210,226,39.32,13.02,1.22,0,0
616,533,깨송편,1,개,20,46,9.81,0.91,0.3,0.64,2
617,731,단무지무침,1,소접시,60,24,4.97,0.68,0.72,0,0
618,775,낙지무침,1,소접시,139,56,7.35,7.11,0.53,0,0
619,327,콩비지찌개,1,소접시,220,135,9.9,10.5,5.9,0.7,429
620,747,열무무침,1,소접시,98,64,10.56,2.66,1.12,0,0
621,438,[오뚜기] 3분버섯죽,1,인분,230,80,16,2,0.9,0,0
622,586,쌈장 고추장함유,1,종지,18,48,2.4,1.7,1.3,0,0
623,993,김구이,1,장,0,1,0.1,0.1,0.1,0,0
624,976,두부부침,1,접시,85,94,3.61,7.67,5.99,0.74,291
625,350,햄김치찌개,1,인분,141,144,11.12,7.43,8.53,0,1218.1
626,485,[하우스] 바몬드카레,1,회분,21,110,0,0,0,0,0
627,333,꽁치찌개,0.5,인분,85,125,6.4,13.1,5.7,5.5,996
628,341,감자찌개,1,인분,300,259,11.4,8,4.6,0,0
629,977,[새롬식품] 초록마을옛날어묵,1,장,50,74,10.24,4.89,1.5,0,0
630,621,[오뚜기] 스테이크소스,1,종지,15,17,4.05,0.26,0,0,0
631,984,베이컨,1,조각,10,27,0.07,1.85,2.09,0,116
632,552,꿀떡,1,개,25,54,11.53,1.08,0.32,0.75,2
633,359,우렁된장찌개,1,인분,250,90,1,27,1.8,1,910
634,475,[CJ] 햇반전복죽,1,개,315,175,29.46,4.16,4.5,0,0
635,537,찰시루떡,1,개,20,50,10.4,1.4,0.1,0,0
636,985,돼지곱창 삶은것,1,회분,100,171,0,14,11.9,0,13
637,886,쥐포볶음,1,소접시,19,60,28.98,31.78,8.85,0,0
638,196,모시조개국,1,대접,61,38,4.45,11.78,1.14,0,0
639,670,총각김치,1,인분,38,11,2.35,0.47,0.1,1.08,233
640,942,두부구이,1,소접시,110,118,3.77,9.85,7.64,0.93,381
641,457,[CJ] 브로컬리 치즈스프,1,회분,160,136,10.35,2.5,9.4,0,0
642,627,[풀무원] 매콤 떡볶이 양념소스,1,봉,150,345,61.5,4.5,9,43.5,1740
643,854,호박볶음,1,소접시,103,48,3.18,2.68,4.76,0,0
644,853,쇠고기표고볶음,1,소접시,105,183,3.1,13.46,11.42,0,0
645,234,대합미역국,1,대접,21,22,3.05,3.02,0.8,0,0
646,269,열무감자국,1,대접,119,68,8.34,5.85,1.18,0,0
647,582,왜된장,1,큰술,15,32,2.61,3.1,1.89,0,0
648,550,경단,1,개,20,48,16.6,1.9,1.6,0,0
649,541,인절미 팥고물,1,개,17,35,0,0,0,0,0
650,55,삼각김밥 양송이김치볶음,1,개,100,163,0,0,0,0,0
651,259,홍합우거지국,1,대접,114,52,6.27,4.51,0.95,0,0
652,782,사태초무침,1,소접시,76,96,4.99,13.04,4.07,0,0
653,544,개피떡,1,개,25,53,11.4,1,0.2,0,0
654,370,[동원] 양반부대찌개,1,포장,290,210,13,13,12,0,0
655,680,고구마순김치,1,접시,50,20,0,0,0,0,0
656,165,[CJ] 햇반 찰보리밥,1,개,210,305,68,6,1,0,20
657,711,두릅무침,1,소접시,73,54,8.26,3.05,1.99,0,0
658,265,쇠고기탕국,1,대접,109,115,2.78,12.35,4.18,0,0
659,570,양념간장,1,종지,17,33,1,1,1,0,0
660,558,도장떡,1,개,20,44,0,0,0,0,0
661,578,떡볶이양념,1,종지,23,53,9.2,0.8,1.5,0,0
662,53,삼각김밥 소고기쌈장,1,개,100,157,0,0,0,0,0
663,76,해물덮밥,1,인분,700,772,100.4,42,22.4,0,0
664,639,감식초,1,큰술,10,2,0.36,1,1,0,0
665,451,[CJ] 단팥죽,1,인분,270,245,51.06,8.04,0.9,0,0
666,218,동태국,1,대접,250,72,9.17,38.08,1.38,0,0
667,696,숙주미나리무침,1,소접시,73,14,2.16,1.69,0.58,0,0
668,169,생기발랄라이트,1,포,25,95,0,0,0,0,0
669,510,[풀무원] 생가득매콤한김치낙지요리죽,1,회분,200,125,23.46,2.84,2.2,0,0
670,108,[한솥도시락] 국화도시락,1,인분,400,927,0,0,0,0,0
671,964,돼지고기섭산적,1,접시,145,297,0,0,0,0,0
672,884,오징어채볶음,1,소접시,36,122,18.4,8.3,1.8,5.2,514
673,895,문어볶음,1,소접시,168,149,11.85,12.73,6.16,0,0
674,320,호박달래찌개,1,뚝배기,156,107,11.34,7.79,2.52,0,0
675,925,닭고추장볶음,1,소접시,172,232,18.13,14.07,12.67,0,0
676,846,감자햄볶음,1,소접시,118,160,11.15,4.98,8.75,0,0
677,279,버섯국,1,대접,87,33,7.89,2.85,0.31,0,0
678,567,닭가슴살떡,1,회분,80,177,32.54,6.4,2.24,0,0
679,930,오리불고기,1,소접시,102,140,5.14,11.76,7.57,2.43,170
680,817,호두,1,알,4,26,0.55,0.61,2.61,0.1,0
681,703,숙주나물,1,소접시,100,12,1.7,2.2,0.1,0.1,3
682,191,감자두부된장국,1,대접,197,130,13.16,8.44,3.07,0,0
683,89,[CJ] 칠리새우덮밥,1,인분,310,405,63.25,11.9,11.6,0,0
684,759,편육무침,1,소접시,133,180,9.03,13.41,4.16,0,0
685,635,빛깔좋은감식초,1,큰술,15,4,1,0,0,0,0
686,619,[오뚜기] 논오일드레싱,1,큰술,15,20,4.6,0.4,0,0,0
687,427,[동원] 양반 닭표고버섯죽,1,개,285,157,0,0,0,0,0
688,189,콩나물국,1,그릇,250,20,1.2,2.2,0.8,0,89
689,926,쇠고기고추장볶음,1,소접시,105,171,11.44,13.81,3.98,0,0
690,753,오이양배추무침,1,소접시,81,41,7.47,1.34,1.47,0,0
691,572,왜간장,1,종지,18,9,1,1,1,0,0
692,345,우거지찌개,1,대접,140,127,10.7,13.8,4.5,8.7,924
693,112,[한솥도시락] 소불고기도시락,1,인분,400,792,118.8,39.6,17.6,0,0
694,179,영양돌솥밥,1,공기,130,384,78.97,7.1,0.59,0,0
695,628,[오뚜기] 피자소스,1,회분,100,110,25,2,1,0,0
696,698,숙주부추나물,1,소접시,73,17,2.04,2.25,0.64,0,0
697,864,고비볶음,1,소접시,81,54,5.66,2.25,3.66,0,0
698,220,왜된장국,1,대접,23,43,3.78,6.36,3.79,0,0
699,386,쏘가리매운탕,1,대접,199,151,22.21,34.11,7.94,0,0
700,133,참치볶음밥,1,접시,227,464,67.42,17.51,44.17,0,0
701,385,메기매운탕,1,대접,138,168,13.55,32.86,17.23,0,0
702,222,감자수제비국,1,소대접,200,111,38.09,7.91,1.32,0,0
703,160,팥밥,1,공기,90,309,77.49,7.06,0.1,0,0
704,704,고비나물,1,소접시,93,60,5.55,2.44,3.63,0,0
705,149,밤밥,1,공기,100,310,73.93,5.52,0.26,0,0
706,219,감자어묵국,1,대접,96,80,14.01,7.33,1.1,0,0
707,569,고추장,1,회,20,43,8.6,1.18,0.48,0,502
708,551,색떡,1,개,33,78,0,0,0,0,0
709,915,쇠고기야채볶음,1,소접시,145,159,8.05,12.02,8.96,0,0
710,918,돼지곱창볶음,1,인분,130,204,12.34,9.82,15.09,2.4,727
711,761,단배추된장무침,1,소접시,96,65,6.23,3.29,3.48,0,0
712,125,연어아보카도롤(연어롤),1,인분,300,510,74.3,18.6,15.4,0,0
713,832,참치김치볶음,1,소접시,97,101,2.91,9.61,6.06,0,0
714,907,[새롬식품] 조랭이어묵,1,회분,50,72,5.06,8.44,2,0,0
715,787,우뭇가사리무침,1,소접시,70,47,0,0,0,0,0
716,383,대구탕,1,대접,149,89,117.74,72.67,18.2,0,0
717,379,알탕,1,인분,400,376,14.66,45.95,16.95,2.71,2148
718,658,자이로과당,1,회분,3,12,3,0,0,0,0
719,425,[동원] 양반 전복죽,1,개,288,150,26,5,2.7,0,590
720,668,오이소배기,1,소접시,50,17,2.5,0.8,0.5,0,0
721,276,새우젓호박국,1,소대접,250,58,4.76,2.78,2.52,0,0
722,282,두부어묵새우젓국,1,대접,127,112,5.73,9.47,3.76,0,0
723,439,[오뚜기] 3분야채죽,1,인분,230,60,13,2,0,0,0
724,768,오이도라지생채,1,인분,70,50,0,0,0,0,0
725,85,[한솥도시락] 치킨마요덮밥,1,인분,230,453,79.58,25.32,29.6,0,0
726,431,[동원] 양반 쇠고기죽,1,개,287,165,26,7,3.7,0,570
727,909,계란말이,1,소접시,78,112,14.27,22.06,14.26,0.6,127
728,378,해물잡탕,0.5,대접,82,56,5,7.4,1,4.1,463
729,561,쑥범벅,1,개,62,114,0,0,0,0,0
730,840,닭살야채볶음,1,소접시,183,165,13.68,13.93,5.31,0,0
731,442,[화과방] 동지새알심팥죽,1,인분,280,295,67.85,5.9,0,0,0
732,412,버섯죽,1,대접,250,277,12.8,1.53,2.61,0,0
733,87,[ASIAN HOME GOURMET] INDIAN KORMA CURRY액상카레,1,회분,13,40,0,0,0,0,0
734,897,오징어버섯볶음,1,소접시,105,91,7.05,11.6,3.97,0,0
735,217,대구국,1,대접,135,81,4.41,13.44,0.53,0,0
736,676,고들빼기김치,1,소접시,100,88,11.9,4.1,2.7,0,2231
737,215,오징어무국,1,인분,200,142,8,21.79,2.03,1.37,349
738,126,[천일냉동식품] 새우볶음밥,1,개,250,410,195.0,27.5,15.0,2.5,560
739,576,[오뚜기] 골드마요네즈,1,회분,100,725,1,1,80,0,0
740,365,장어찌개,1,대접,206,268,0,0,0,0,0
741,829,감자풋고추볶음,1,소접시,115,94,13.72,2.86,5.46,0,0
742,480,미역죽,1,회분,100,193,0,0,0,0,0
743,453,[농심] 보노스프 포르치니버섯스프,1,봉지,17,75,11,1,3,10,410
744,501,[서울마님죽] 참전복죽,1,팩,500,262,56.12,4.88,2,0,0
745,481,현미죽,1,회분,200,200,0,0,0,0,0
746,477,[CJ] 햇반참치죽,1,개,313,170,32.03,5.99,2,0,0
747,257,솎음배추국,1,대접,118,66,5.28,4.99,1.22,0,0
748,624,아일랜드소스,1,개,40,164,19,2,8.9,0,0
749,209,우거지국,1,대접,69,51,5.83,5.42,2.21,0,0
750,528,백설기,1,소접시,100,237,51.44,4.93,0.46,0.12,12
751,791,다시마쌈,1,인분,42,22,1.94,1.88,1.23,0,0
752,131,[풀무원] 7가지 야채와 닭가슴살 볶음밥,1,인분,225,390,63,11,8,5,610
753,402,[하림] 삼계탕반마리,1,팩,600,360,36.5,31,10,0,0
754,664,깍두기,1,인분,35,14,2.6,0.6,0.2,1,125
755,472,[죽이야기] 인삼닭죽,1,인분,729,518,82,20,18,0,0
756,633,[CJ] 밥이랑 해물맛,1,포,8,30,2.3,2.6,1.1,0,0
757,479,[농심] 포테토밀고구마,1,인분,30,120,23.46,2.04,2,0,0
758,357,냉이된장찌개,1,그릇,250,100,10.77,6.36,1.64,0,0
759,75,잡탕밥,1,인분,750,777,104.9,44.1,20.1,0,0
760,648,템페,1,종지,18,37,1.69,3.33,1.94,0,0
761,804,두부냉채,1,소접시,140,147,8.51,11.22,8.31,0,0
762,599,우스터소스,1,종지,14,10,3.54,0.1,0.02,0,0
763,167,[CJ] 햇반 발아현미밥,1,개,210,290,66,5,0.9,0,20
764,396,우럭매운탕,1,인분,200,150,4.12,21.53,5.1,1.21,501
765,139,열무비빔밥,1,큰대접,198,394,74.39,11.82,3.14,0,0
766,74,닭고기덮밥,1,대접,212,466,158.55,35.51,13.82,0.0,0
767,530,시루떡 붉은팥고물,1,조각,100,205,0,0,0,0,0
768,128,[천호식품] 양파액기스100골드,1,팩,80,40,0,0,0,0,0
769,739,다시마채무침,1,소접시,34,13,1.85,0.85,0.73,0,0
770,207,미역냉국,1,대접,65,51,4.2,2.71,1.41,0,0
771,134,새우볶음밥,1,인분,300,486,190.35,49.77,52.74,6.84,1401
772,114,[한솥도시락] 백합도시락,1,인분,400,1107,0,0,0,0,0
773,610,[오뚜기] 코올슬로드레싱,1,종지,15,70,2.76,1.04,6.05,0,0
774,716,시금치고추장무침,1,소접시,85,63,0,0,0,0,0
775,470,[본죽] 호박죽,1,그릇,730,513,0,0,0,0,0
776,267,해물된장국,1,대접,141,114,7.08,15.55,2.21,0,0
777,591,[청정원] 소금,1,종지,3,1,0,0,0,0,1120
778,120,김치참치볶음밥 계란후라이포함,1,인분,277,554,0,0,0,0,0
779,935,[플래시안] 삼호부산어묵 야채사각,1,장,75,113,0,0,0,0,0
780,318,[오뚜기] 옛날국밥장터국밥,1,개,350,285,52,14,2.2,0,990
781,299,조랭이떡국,1,소대접,210,322,0,0,0,0,0
782,158,차수수밥,1,공기,90,314,78.57,6.1,0.21,0,0
783,602,발사믹드레싱,1,종지,14,27,0.78,0.06,6.08,0,0
784,502,[서울마님죽] 녹두죽,1,팩,500,336,52.21,20.54,5,0,0
785,328,고등어찌개,0.5,인분,75,114,4.4,11.3,5.6,3.8,431
786,611,[오뚜기] 프랜치드레싱,1,종지,15,54,5.48,0.68,3.35,0,0
787,581,양조된장,1,회분,100,131,15,11.1,3.7,0,0
788,526,강원도 감시기감자떡,1,개,25,81,0,0,0,0,0
789,689,고추잎나물,1,소접시,84,62,8.4,3.97,3.04,0,0
790,48,미니김밥,1,팩,170,239,0,0,0,0,0
791,163,흑미밥,1,공기,210,293,66,5,1,0,5.4
792,595,사우전드아일랜드드레싱,1,큰술,15,67,0,0,0,0,0
793,450,[CJ] 소라죽,1,인분,315,190,0,0,0,0,0
794,193,오징어국,1,대접,113,77,5.4,19.53,1.42,0,0
795,81,양송이덮밥,1,인분,600,582,95.6,18.2,14.1,0,0
796,701,도라지나물,1,소접시,49,73,22.66,3.28,11.41,0,0
797,61,삼각김밥 소고기고추장,1,개,100,172,0,0,0,0,0
798,902,마요네즈새우,1,인분,205,443,0,0,0,0,0
799,763,오징어미역초무침,1,소접시,83,65,4.6,11.51,1.37,0,0
800,691,배추숙주나물,1,소접시,76,21,3.39,1.64,2.51,0,0
801,795,청포묵,1,소접시,100,37,8.9,0.1,0,0,0
802,538,송편 검정콩속,1,개,20,40,8.2,1.4,0.2,0,0
803,426,[동원] 양반 밤단팥죽,1,개,285,295,190.95,19.95,0.0,65.55,560
804,556,콩떡,1,개,25,16,3.25,0.43,0.06,0.19,8
805,72,오징어덮밥,1,인분,500,667,108.16,31.09,13.23,13.46,1659
806,875,[풀무원] 볶은김치,1,회분,100,65,9,3,2,4,1100
807,734,노가리채무침,1,소접시,30,101,4.36,14.44,2.81,0,0
808,338,참치김치찌개,1,인분,200,104,6.11,9.71,4.71,1.68,508
809,725,[KFC] 고구마샐러드,1,인분,110,241,0,0,0,0,0
810,872,두부두루치기,1,인분,111,103,6.1,8.6,6,0,324
811,990,양구이,1,접시,220,189,26.4,162.8,33.0,0.0,0
812,283,당면국,1,대접,83,133,17.47,7.35,4.49,0,0
813,641,쌀식초,1,큰술,100,3,0.5,1,1,0,0
814,82,[CJ] 리조또,1,회분,210,365,0,0,0,0,0
815,816,해바라기씨 볶은것,1,종지,13,79,0,0,0,0,0
816,465,[죽이야기] 참치야채죽,1,인분,724,553,0,0,0,0,0
817,629,[오뚜기] 케챂,1,종지,20,24,5.6,0.4,0,4.8,210
818,504,[오뚜기] 백세강황죽 쇠고기,1,인분,40,150,30.88,2.69,1.75,0,0
819,490,[오뚜기] 마이스타일북어죽,1,인분,22,85,16.22,3.01,0.9,0,0
820,492,종가집아침에먹는전복소라죽,1,인분,255,90,0,0,0,0,0
821,970,치킨바베큐 소스제외,1,소접시,100,130,0,0,0,0,0
822,580,쌈된장,1,큰술,15,21,1.58,1.83,0.58,0,0
823,826,두부고추장볶음,1,소접시,103,163,10.39,9.93,6.64,0,0
824,562,장떡,1,인분,72,179,0,0,0,0,0
825,314,[풀무원] 씻고 자를 필요가 없어 간편한 미역 국거리 미역,1,팩,100,300,50,24,0,0,7460
826,183,쌀밥,1,공기,210,310,67.32,5.61,0.85,0,4
827,554,영양떡,1,개,100,198,0,0,0,0,0
828,413,깨죽,1,인분,800,515,79.3,13.7,15.9,0,0
829,892,낙지볶음,1,인분,200,187,21.67,14.89,4.51,7.56,895.12
830,965,너비아니,1,인분,100,231,3.47,16.43,16.54,0.84,384
831,951,돼지고기구이,1,인분,238,511,5.91,11.54,13.31,0,0
832,135,[CJ] 밥이랑 야채맛,1,포,9,35,4,1,2,0,710
833,867,오이볶음,1,소접시,86,72,2.61,1.16,7.25,0,0
834,37,콩나물국밥,1,인분,500,445,90.3,10.58,4.38,3.17,1221
835,121,닭고기볶음밥,1,인분,400,664,84.48,25.16,24.16,2.8,1208
836,770,마늘쫑무침,1,회분,100,132,28.3,2.7,0.9,0,0
837,157,조밥,1,공기,90,317,78,6.5,0.92,0,0
838,295,유부된장국,0.5,그릇,125,74,10,4.7,2.1,9.7,378
839,937,계란볶음,1,접시,165,317,10,35.5,15,0,0
840,742,쑥갓생채,1,소접시,80,46,6.9,2.99,1.56,0,497.1
841,305,사골우거지국,1,소대접,250,66,0,0,0,0,0
842,657,아스파탐,1,회분,3,12,3,0,0,0,0
843,807,로스편채,1,소접시,114,163,0,0,0,0,0
844,847,햄야채볶음,1,소접시,131,243,14.46,8.8,13.83,0,0
845,555,중국식호떡,1,개,60,159,0,0,0,0,0
846,941,우엉구이,1,소접시,74,101,12.81,2.6,5.66,0,0
847,246,꽃게된장국,1,대접,156,126,8.01,13.83,1.57,0,0
848,978,뚝배기불고기,1,인분,200,317,9.74,36.47,13.22,4.69,368
849,132,[풀무원] 7가지야채와새우튀김칠리소스볶음밥,1,인분,250,445,0,0,0,0,0
850,195,육개장,1,인분,200,165,10.45,14.32,7.57,1.45,720
851,104,[한솥도시락] 장모님도시락,1,인분,400,772,0,0,0,0,0
852,929,제육볶음,1,인분,300,572,31.1,39.6,33,20.9,832
853,910,계란채소말이,1,소접시,79,113,3.34,6.15,7.13,0,0
854,740,달래무무침,1,소접시,83,40,8.12,1.97,0.71,0,0
855,306,[오뚜기] 카레 매운맛,1,종지,22,100,18.4,2.3,1.92,0,0
856,484,인델리 비프알루커리,1,인분,140,145,0,0,0,0,0
857,797,[동원] 돌김 자반볶음 매콤한맛,1,포장,65,586,27,18.25,45,0,0
858,741,토란대무침,1,소접시,93,56,8.04,1.39,1.67,0,0
859,560,쑥개떡,1,장,150,227,84.03,8.38,1.49,0,0
860,788,김실파무침,1,소접시,79,45,0,0,0,0,0
861,542,찹쌀경단,1,개,20,48,10.2,1,0.4,0,0
862,39,도토리묵밥,1,인분,563,338,61,12.25,5,0,0
863,828,멸치풋고추볶음,1,소접시,20,52,3.4,4.7,2.2,0,0
864,710,느타리콩나물무침,1,소접시,78,44,4.47,3.24,2.79,0,0
865,675,나박김치,1,인분,100,12,0,0,0,0,0
866,107,[한솥도시락] 치킨도시락,1,인분,400,769,0,0,0,0,0
867,469,[죽이야기] 잣죽,1,인분,271,757,0,0,0,0,0
868,229,돈육개장,1,대접,173,200,9.04,15,13.04,0,0
869,384,동태매운탕,0.5,그릇,86,49,5.3,7.1,0.5,4.6,598
870,296,사골국,1,소대접,250,101,1.06,13.93,4.49,0.31,302
871,375,[세준F&B] 구수한즉석누룽지곰탕,1,회분,37,145,0,0,0,0,0
872,429,[CJ] 삼계죽,1,개,315,175,0,0,0,0,0
873,727,오이양파무침,1,소접시,77,35,8.18,1.32,1.39,0,0
874,216,쇠고기콩나물국,1,소대접,250,65,3.28,6.8,4.19,0,0
875,903,멸치고추볶음,1,인분,30,62,4.7,4.98,4.46,0.12,600
876,547,호떡,1,회,110,252,46.76,4.44,5.68,18.93,66
877,609,[오뚜기] 드레싱 겨자맛,1,종지,15,52,5.25,0.66,3.21,0,0
878,943,대천돌김,1,장,5,24,0,0,0,0,0
879,190,북어국,1,인분,250,110,3.28,12.81,4.9,1.24,1317
880,497,[서울마님죽] 새우죽,1,팩,500,285,55.2,4.8,5,0,0
881,507,닭백숙,1,인분,300,394,15.3,55.27,11.16,0.64,777
882,434,[동원] 양반 발아현미죽,1,개,285,138,0,0,0,0,0
883,573,죽염간장,1,큰술,17,7,1,1,1,0,0
884,796,[해오름] 동부묵,1,접시,100,37,0,0,0,0,0
885,106,[한솥도시락] 도련님도시락,1,인분,400,748,100,30,30,10,800
886,321,김치찌개,1,인분,200,121,6.47,7.51,7.57,1.77,442
887,893,건새우케찹볶음,1,소접시,38,128,7.79,11.74,3.76,0,0
888,270,열무두부국,1,대접,96,72,5.25,8.11,2.98,0,0
889,221,시래기된장국,1,대접,120,65,7.8,5.21,1.83,1.93,824
890,36,돼지국밥,1,인분,480,470,35.98,42.29,15.97,0.95,1735
891,715,국수호박,1,인분,258,150,7.4,1.2,0.1,0,0
892,851,야채볶음,1,소접시,109,90,7.09,1.46,7.02,0,0
893,461,[오뚜기] 마이스타일계란미역죽,1,인분,22,85,0,0,0,0,0
894,887,건새우볶음,1,인분,33,107,6.2,11.6,3.7,0,269.8
895,630,초코시럽,1,스푼,15,38,9.7,0,0,0,0
896,346,호박찌개,0.5,소대접,125,68,5.7,6,2.7,5.2,324
897,489,[오뚜기] 백세강황죽 야채,1,인분,40,150,27.6,4,1.9,0,0
898,408,감자죽,1,인분,200,55,12.2,1.3,0,12,96
899,159,차조밥,1,공기,100,170,36.91,3.24,0.57,0,2
900,955,쇠고기산적,1,중접시,331,448,24.69,11.56,7.77,0,0
901,640,사과식초,1,큰술,10,2,0.21,0,0,0,0
902,311,후루룩간편미역국,1,회분,22,63,0,0,0,0,0
903,506,[CJ] 약간매운맛카레,1,인분,180,125,18.4,1.6,5,0,0
904,620,[오뚜기] 쇠고기국수장국,1,회분,100,20,2,3,1,0,0
905,911,계란햄말이,1,소접시,70,138,2.8,8.19,9.16,0,0
906,455,[동원] 양반 가평잣죽,1,회분,285,170,25.53,3.02,6.2,0,0
907,751,부추양배추무침,1,소접시,75,52,3.66,2.47,3.9,0,0
908,86,[오뚜기] 춘천닭갈비덮밥,1,인분,340,460,81.88,15.12,8,0,0
909,188,미역국,1,인분,230,83,5.59,7.87,3.73,0.62,1134
910,855,부추볶음,1,소접시,69,84,2.95,2.7,7.25,0,0
911,521,[오뚜기] 오트밀스프 너트,1,인분,25,100,15.18,1.72,3.6,0,0
912,241,콩나물무채국,1,대접,80,32,2.99,3.08,0.56,0,0
913,823,목이버섯잡채,1,소접시,113,213,30.69,7.69,5.9,0,0
914,813,캐슈넛 조미한것,1,종지,13,74,0,0,0,0,0
915,123,[훼밀리마트] 김치볶음밥,1,팩,175,370,0,0,0,0,0
916,885,어묵양파볶음,1,소접시,99,127,16.06,6.96,4.77,0,0
917,194,미역오이냉국,1,대접,109,32,4.9,2.25,0.37,0,0
918,916,쇠고기볶음,1,소접시,106,150,4.76,53.55,37.4,0,0
919,205,콩나물김치국,1,인분,150,61,3.58,3.85,3.65,1.18,214
920,924,닭떡볶음,1,소접시,139,234,28.96,13.94,9.9,0,0
921,277,무채어묵국,1,대접,93,56,9.12,9.21,1.23,0,0
922,170,생기발랄 생식,1,포,25,92,0,0,0,0,0
923,60,삼각김밥 숯불갈비맛,1,개,100,187,0,0,0,0,0
924,474,[죽이야기] 꽃게죽,1,인분,757,539,0,0,0,0,0
925,802,굴무생채,1,소접시,121,90,6.56,10.03,2.81,0,0
926,777,도라지북어포무침,1,소접시,57,115,11.66,12.2,1.76,0,0
927,940,두부양념구이,1,소접시,97,106,6.31,8.36,11.09,0,0
928,756,오이부추무침,1,소접시,77,19,4.11,2.41,0.94,0,0
929,430,[동원] 양반 새우죽,1,개,285,151,0,0,0,0,0
930,249,달래된장국,1,대접,133,84,8.47,7.1,2.84,0,0
931,79,소머리국밥,1,인분,800,632,17.5,76,28.7,0,0
